{"CASE_NUMBER": {"non_null": "57890", "largest": "Z699822", "null": "0", "top": [{"item": "JD305408", "count": "15"}, {"item": "JF457168", "count": "15"}, {"item": "JG482761", "count": "15"}, {"item": "JE168486", "count": "14"}, {"item": "JC555971", "count": "13"}, {"item": "HW459047", "count": "13"}, {"item": "JE281830", "count": "11"}, {"item": "JE262851", "count": "10"}, {"item": "JG361505", "count": "9"}, {"item": "JF394963", "count": "9"}, {"item": "JA301703", "count": "9"}, {"item": "HS431273", "count": "9"}, {"item": "JE179906", "count": "8"}, {"item": "JE309682", "count": "8"}, {"item": "JE255457", "count": "8"}, {"item": "HW350944", "count": "8"}, {"item": "JB379745", "count": "8"}, {"item": "JG455266", "count": "8"}, {"item": "JC356521", "count": "7"}, {"item": "JD286197", "count": "7"}], "smallest": "A000157", "count": "57890", "cardinality": "49430"}, "DATE": {"non_null": "57890", "largest": "2023-12-07T23:49:00.000", "null": "0", "top": [{"item": "2023-10-29T01:04:00.000", "count": "15"}, {"item": "2021-03-14T04:41:00.000", "count": "15"}, {"item": "2022-10-31T21:20:00.000", "count": "15"}, {"item": "2020-07-21T18:24:00.000", "count": "15"}, {"item": "2013-09-19T22:14:00.000", "count": "13"}, {"item": "2019-12-22T00:34:00.000", "count": "13"}, {"item": "2021-06-27T22:56:00.000", "count": "11"}, {"item": "2021-06-12T02:05:00.000", "count": "10"}, {"item": "2010-07-26T21:14:00.000", "count": "9"}, {"item": "2023-07-30T00:51:00.000", "count": "9"}, {"item": "2022-09-13T19:46:00.000", "count": "9"}, {"item": "2017-06-11T03:14:00.000", "count": "9"}, {"item": "2021-06-06T03:59:00.000", "count": "8"}, {"item": "2018-08-05T00:39:00.000", "count": "8"}, {"item": "2021-07-21T23:55:00.000", "count": "8"}, {"item": "2023-10-08T02:36:00.000", "count": "8"}, {"item": "2013-07-06T17:50:00.000", "count": "8"}, {"item": "2021-03-26T00:08:00.000", "count": "8"}, {"item": "2023-06-04T01:00:00.000", "count": "7"}, {"item": "2013-03-21T01:13:00.000", "count": "7"}], "smallest": "1991-01-01T00:20:00.000", "count": "57890", "cardinality": "49111"}, "BLOCK": {"non_null": "57890", "largest": "9900 S YATES AVE", "null": "0", "top": [{"item": "6400 S DR MARTIN LUTHER KING JR DR", "count": "95"}, {"item": "3900 W GLADYS AVE", "count": "50"}, {"item": "6600 S HALSTED ST", "count": "48"}, {"item": "800 E 79TH ST", "count": "48"}, {"item": "5100 W MADISON ST", "count": "48"}, {"item": "2000 E 71ST ST", "count": "47"}, {"item": "900 E 79TH ST", "count": "47"}, {"item": "3300 W DOUGLAS BLVD", "count": "46"}, {"item": "4900 W HUBBARD ST", "count": "46"}, {"item": "3800 W GLADYS AVE", "count": "45"}, {"item": "3800 W ROOSEVELT RD", "count": "43"}, {"item": "1200 S LAWNDALE AVE", "count": "43"}, {"item": "6200 S DR MARTIN LUTHER KING JR DR", "count": "42"}, {"item": "4000 W WILCOX ST", "count": "42"}, {"item": "300 S CICERO AVE", "count": "40"}, {"item": "1300 W HASTINGS ST", "count": "40"}, {"item": "4100 W ADAMS ST", "count": "39"}, {"item": "0 S LEAMINGTON AVE", "count": "38"}, {"item": "6300 S DR MARTIN LUTHER KING JR DR", "count": "38"}, {"item": "3700 W CHICAGO AVE", "count": "38"}], "smallest": "0 E 100 PL", "count": "57890", "cardinality": "15958"}, "VICTIMIZATION_PRIMARY": {"non_null": "57890", "largest": "ROBBERY", "null": "0", "top": [{"item": "BATTERY", "count": "34849"}, {"item": "HOMICIDE", "count": "20883"}, {"item": "ROBBERY", "count": "1833"}, {"item": "NON-FATAL", "count": "322"}, {"item": "CRIMINAL SEXUAL ASSAULT", "count": "2"}, {"item": "PUBLIC PEACE VIOLATION", "count": "1"}], "smallest": "BATTERY", "count": "57890", "cardinality": "6"}, "INCIDENT_PRIMARY": {"non_null": "57890", "largest": "ROBBERY", "null": "0", "top": [{"item": "BATTERY", "count": "33549"}, {"item": "HOMICIDE", "count": "22510"}, {"item": "ROBBERY", "count": "1825"}, {"item": "NON-FATAL", "count": "5"}, {"item": "CRIMINAL SEXUAL ASSAULT", "count": "1"}], "smallest": "BATTERY", "count": "57890", "cardinality": "5"}, "GUNSHOT_INJURY_I": {"non_null": "57890", "largest": "YES", "null": "0", "top": [{"item": "YES", "count": "53719"}, {"item": "NO", "count": "4171"}], "smallest": "NO", "count": "57890", "cardinality": "2"}, "ZIP_CODE": {"non_null": "57885", "largest": "60827", "null": "5", "top": [{"item": "60624", "count": "4197"}, {"item": "60623", "count": "3567"}, {"item": "60628", "count": "3405"}, {"item": "60620", "count": "3247"}, {"item": "60644", "count": "3054"}, {"item": "60651", "count": "3033"}, {"item": "60619", "count": "2995"}, {"item": "60621", "count": "2932"}, {"item": "60636", "count": "2920"}, {"item": "60609", "count": "2700"}, {"item": "60637", "count": "2638"}, {"item": "60617", "count": "2405"}, {"item": "60612", "count": "1924"}, {"item": "60649", "count": "1912"}, {"item": "60629", "count": "1905"}, {"item": "60608", "count": "1705"}, {"item": "60639", "count": "1205"}, {"item": "60632", "count": "1179"}, {"item": "60653", "count": "1096"}, {"item": "60643", "count": "1087"}], "smallest": "60601", "count": "57890", "cardinality": "58"}, "COMMUNITY_AREA": {"non_null": "57885", "largest": "WOODLAWN", "null": "5", "top": [{"item": "AUSTIN", "count": "4881"}, {"item": "NORTH LAWNDALE", "count": "2796"}, {"item": "HUMBOLDT PARK", "count": "2701"}, {"item": "WEST ENGLEWOOD", "count": "2659"}, {"item": "ENGLEWOOD", "count": "2532"}, {"item": "SOUTH SHORE", "count": "2303"}, {"item": "AUBURN GRESHAM", "count": "2191"}, {"item": "GREATER GRAND CROSSING", "count": "2189"}, {"item": "WEST GARFIELD PARK", "count": "2154"}, {"item": "ROSELAND", "count": "2118"}, {"item": "NEW CITY", "count": "1957"}, {"item": "EAST GARFIELD PARK", "count": "1851"}, {"item": "CHICAGO LAWN", "count": "1727"}, {"item": "SOUTH LAWNDALE", "count": "1549"}, {"item": "WEST PULLMAN", "count": "1506"}, {"item": "CHATHAM", "count": "1395"}, {"item": "SOUTH CHICAGO", "count": "1389"}, {"item": "NEAR WEST SIDE", "count": "1324"}, {"item": "WOODLAWN", "count": "1243"}, {"item": "GRAND BOULEVARD", "count": "1049"}], "smallest": "ALBANY PARK", "count": "57890", "cardinality": "77"}, "DISTRICT": {"non_null": "57885", "largest": "25", "null": "5", "top": [{"item": "11", "count": "6734"}, {"item": "7", "count": "5447"}, {"item": "6", "count": "4246"}, {"item": "10", "count": "4090"}, {"item": "3", "count": "4054"}, {"item": "5", "count": "3818"}, {"item": "4", "count": "3758"}, {"item": "9", "count": "3645"}, {"item": "15", "count": "3484"}, {"item": "8", "count": "3083"}, {"item": "2", "count": "2783"}, {"item": "25", "count": "2701"}, {"item": "12", "count": "2500"}, {"item": "22", "count": "1919"}, {"item": "14", "count": "1350"}, {"item": "24", "count": "859"}, {"item": "17", "count": "813"}, {"item": "19", "count": "735"}, {"item": "18", "count": "618"}, {"item": "1", "count": "564"}], "smallest": "1", "count": "57890", "cardinality": "22"}, "AGE": {"non_null": "57890", "largest": "UNKNOWN", "null": "0", "top": [{"item": "20-29", "count": "24378"}, {"item": "0-19", "count": "13282"}, {"item": "30-39", "count": "11614"}, {"item": "40-49", "count": "4663"}, {"item": "50-59", "count": "2082"}, {"item": "60-69", "count": "766"}, {"item": "UNKNOWN", "count": "683"}, {"item": "70-79", "count": "289"}, {"item": "80+", "count": "133"}], "smallest": "0-19", "count": "57890", "cardinality": "9"}, "SEX": {"non_null": "57890", "largest": "UNKNOWN", "null": "0", "top": [{"item": "M", "count": "49724"}, {"item": "F", "count": "7497"}, {"item": "UNKNOWN", "count": "669"}], "smallest": "F", "count": "57890", "cardinality": "3"}, "RACE": {"non_null": "57890", "largest": "WWH", "null": "0", "top": [{"item": "BLK", "count": "44601"}, {"item": "WWH", "count": "9580"}, {"item": "WHI", "count": "2090"}, {"item": "UNKNOWN", "count": "1009"}, {"item": "WBH", "count": "340"}, {"item": "API", "count": "241"}, {"item": "I", "count": "29"}], "smallest": "API", "count": "57890", "cardinality": "7"}, "INCIDENT_FBI_DESCR": {"non_null": "57885", "largest": "ROBBERY (INDEX)", "null": "5", "top": [{"item": "AGGRAVATED BATTERY (INDEX)", "count": "33549"}, {"item": "HOMICIDE - 1ST OR 2ND DEGREE (INDEX)", "count": "22510"}, {"item": "ROBBERY (INDEX)", "count": "1825"}, {"item": "CRIMINAL SEXUAL ASSAULT (INDEX)", "count": "1"}], "smallest": "AGGRAVATED BATTERY (INDEX)", "count": "57890", "cardinality": "4"}, "VICTIMIZATION_IUCR_SECONDARY": {"non_null": "49474", "largest": "VEHICULAR HIJACKING", "null": "8416", "top": [{"item": "AGGRAVATED - HANDGUN", "count": "34196"}, {"item": "FIRST DEGREE MURDER", "count": "12639"}, {"item": "ARMED - HANDGUN", "count": "953"}, {"item": "ATTEMPT ARMED - HANDGUN", "count": "745"}, {"item": "AGGRAVATED - OTHER FIREARM", "count": "326"}, {"item": "AGGRAVATED DOMESTIC BATTERY - HANDGUN", "count": "220"}, {"item": "SECOND DEGREE MURDER", "count": "150"}, {"item": "AGGRAVATED POLICE OFFICER - HANDGUN", "count": "79"}, {"item": "AGGRAVATED VEHICULAR HIJACKING", "count": "67"}, {"item": "ATTEMPT ARMED - OTHER FIREARM", "count": "21"}, {"item": "AGGRAVATED", "count": "16"}, {"item": "ATTEMPT AGGRAVATED", "count": "16"}, {"item": "AGGRAVATED DOMESTIC BATTERY - OTHER FIREARM", "count": "8"}, {"item": "ARMED - OTHER FIREARM", "count": "8"}, {"item": "AGGRAVATED POLICE OFFICER - OTHER FIREARM", "count": "7"}, {"item": "AGGRAVATED PROTECTED EMPLOYEE - HANDGUN", "count": "6"}, {"item": "VEHICULAR HIJACKING", "count": "5"}, {"item": "AGGRAVATED PROTECTED EMPLOYEE - OTHER FIREARM", "count": "3"}, {"item": "AGGRAVATED - KNIFE / CUTTING INSTRUMENT", "count": "2"}, {"item": "DOMESTIC BATTERY SIMPLE", "count": "1"}], "smallest": "AGGRAVATED", "count": "57890", "cardinality": "26"}, "INCIDENT_IUCR_SECONDARY": {"non_null": "49782", "largest": "VEHICULAR HIJACKING", "null": "8108", "top": [{"item": "AGGRAVATED - HANDGUN", "count": "32932"}, {"item": "FIRST DEGREE MURDER", "count": "14249"}, {"item": "ARMED - HANDGUN", "count": "945"}, {"item": "ATTEMPT ARMED - HANDGUN", "count": "745"}, {"item": "AGGRAVATED - OTHER FIREARM", "count": "299"}, {"item": "AGGRAVATED DOMESTIC BATTERY - HANDGUN", "count": "217"}, {"item": "SECOND DEGREE MURDER", "count": "158"}, {"item": "AGGRAVATED POLICE OFFICER - HANDGUN", "count": "78"}, {"item": "AGGRAVATED VEHICULAR HIJACKING", "count": "67"}, {"item": "ATTEMPT ARMED - OTHER FIREARM", "count": "21"}, {"item": "AGGRAVATED", "count": "16"}, {"item": "ATTEMPT AGGRAVATED", "count": "16"}, {"item": "AGGRAVATED DOMESTIC BATTERY - OTHER FIREARM", "count": "8"}, {"item": "ARMED - OTHER FIREARM", "count": "8"}, {"item": "AGGRAVATED PROTECTED EMPLOYEE - HANDGUN", "count": "6"}, {"item": "AGGRAVATED POLICE OFFICER - OTHER FIREARM", "count": "6"}, {"item": "VEHICULAR HIJACKING", "count": "5"}, {"item": "AGGRAVATED PROTECTED EMPLOYEE - OTHER FIREARM", "count": "3"}, {"item": "ATTEMPT ARMED - OTHER DANGEROUS WEAPON", "count": "1"}, {"item": "ARMED - OTHER DANGEROUS WEAPON", "count": "1"}], "smallest": "AGGRAVATED", "count": "57890", "cardinality": "21"}, "LOCATION_DESCRIPTION": {"non_null": "57890", "largest": "YMCA", "null": "0", "top": [{"item": "STREET", "count": "23209"}, {"item": "SIDEWALK", "count": "12066"}, {"item": "ALLEY", "count": "3522"}, {"item": "APARTMENT", "count": "3117"}, {"item": "AUTO", "count": "2577"}, {"item": "RESIDENCE", "count": "1095"}, {"item": "HOUSE", "count": "1005"}, {"item": "RESIDENCE PORCH/HALLWAY", "count": "958"}, {"item": "VEHICLE NON-COMMERCIAL", "count": "849"}, {"item": "GAS STATION", "count": "696"}, {"item": "PARK PROPERTY", "count": "679"}, {"item": "PORCH", "count": "631"}, {"item": "RESIDENTIAL YARD (FRONT/BACK)", "count": "500"}, {"item": "YARD", "count": "492"}, {"item": "PARKING LOT", "count": "408"}, {"item": "PARKING LOT/GARAGE(NON.RESID.)", "count": "402"}, {"item": "PARKING LOT / GARAGE (NON RESIDENTIAL)", "count": "317"}, {"item": "RESIDENCE - PORCH / HALLWAY", "count": "311"}, {"item": "VACANT LOT", "count": "283"}, {"item": "CHA APARTMENT", "count": "252"}], "smallest": "ABANDONED BUILDING", "count": "57890", "cardinality": "181"}}